4860.0,"Manchester 001A","E01005098"
3027.9,"Manchester 001B","E01005099"
2038.4,"Manchester 001C","E01005100"
7569.1,"Manchester 001D","E01005102"
4085.6,"Manchester 001E","E01005103"
4570.1,"Manchester 002A","E01005101"
6414.6,"Manchester 002B","E01005135"
4337.8,"Manchester 002C","E01005136"
5413.7,"Manchester 002D","E01005138"
3084.3,"Manchester 002F","E01034107"
4072.3,"Manchester 002G","E01034108"
5530.2,"Manchester 003B","E01005139"
2923.6,"Manchester 003C","E01005141"
5597.1,"Manchester 003D","E01005251"
7246.4,"Manchester 003E","E01005252"
4810.4,"Manchester 003F","E01033685"
3209.7,"Manchester 003G","E01033687"
3715.9,"Manchester 004A","E01005104"
579.4,"Manchester 004B","E01005160"
6441.8,"Manchester 004C","E01005161"
6593.7,"Manchester 004D","E01005162"
7426.2,"Manchester 004E","E01005163"
5918.4,"Manchester 005A","E01005247"
3804.8,"Manchester 005B","E01005248"
3012.3,"Manchester 005C","E01005249"
6983.4,"Manchester 005D","E01005250"
6250.0,"Manchester 005E","E01005253"
6609.1,"Manchester 005F","E01005254"
3776.0,"Manchester 006A","E01005164"
4728.3,"Manchester 006B","E01005205"
5570.4,"Manchester 006C","E01005206"
8020.7,"Manchester 006D","E01005207"
8271.1,"Manchester 007A","E01005223"
7349.1,"Manchester 007B","E01005224"
8071.7,"Manchester 007C","E01005225"
8964.4,"Manchester 007D","E01005226"
3775.8,"Manchester 007E","E01005229"
15681.5,"Manchester 008A","E01005145"
14979.4,"Manchester 008C","E01005149"
6231.4,"Manchester 008D","E01005165"
7783.4,"Manchester 008E","E01005166"
5413.9,"Manchester 008F","E01005167"
6448.2,"Manchester 008G","E01034109"
4080.1,"Manchester 008H","E01034110"
2922.0,"Manchester 009A","E01005202"
3146.3,"Manchester 009B","E01005203"
11324.3,"Manchester 009D","E01005227"
5712.1,"Manchester 009E","E01005228"
4941.6,"Manchester 009F","E01033678"
4123.4,"Manchester 009G","E01033679"
3301.7,"Manchester 011A","E01005256"
1162.3,"Manchester 011B","E01005257"
6025.5,"Manchester 011C","E01005258"
7393.7,"Manchester 011D","E01005259"
4080.0,"Manchester 011E","E01005260"
5924.7,"Manchester 012A","E01005093"
4126.2,"Manchester 012B","E01005094"
3742.1,"Manchester 012C","E01005097"
5039.4,"Manchester 012D","E01005255"
7132.6,"Manchester 012E","E01005261"
7513.5,"Manchester 015A","E01005092"
5247.6,"Manchester 015C","E01005105"
2268.7,"Manchester 015D","E01005106"
2812.3,"Manchester 015E","E01005107"
3705.8,"Manchester 015F","E01033668"
1782.0,"Manchester 015G","E01033669"
4503.7,"Manchester 017D","E01005189"
11051.0,"Manchester 017E","E01005190"
5252.4,"Manchester 017G","E01034111"
5784.4,"Manchester 017H","E01034112"
3333.3,"Manchester 017I","E01034113"
7162.6,"Manchester 017J","E01034114"
2077.9,"Manchester 018A","E01005061"
7444.6,"Manchester 018C","E01005063"
3295.4,"Manchester 018D","E01005065"
5493.5,"Manchester 018E","E01005066"
3653.5,"Manchester 018F","E01034115"
16072.5,"Manchester 018G","E01034116"
6079.2,"Manchester 019A","E01005208"
12175.7,"Manchester 019C","E01005210"
9979.1,"Manchester 019D","E01005214"
4203.9,"Manchester 019E","E01034117"
3789.8,"Manchester 019F","E01034118"
5230.7,"Manchester 020A","E01005067"
3938.0,"Manchester 020B","E01005186"
2165.7,"Manchester 020C","E01005232"
6593.7,"Manchester 020D","E01005235"
6720.1,"Manchester 020E","E01005239"
14776.3,"Manchester 021A","E01005187"
2837.5,"Manchester 021B","E01005188"
12567.6,"Manchester 021C","E01005191"
2645.4,"Manchester 021D","E01005192"
6103.4,"Manchester 021E","E01005193"
10417.9,"Manchester 022B","E01005230"
14680.4,"Manchester 022C","E01005231"
16144.0,"Manchester 022D","E01005236"
12605.2,"Manchester 022E","E01005237"
5841.0,"Manchester 022H","E01034119"
5677.5,"Manchester 023A","E01005195"
5898.2,"Manchester 023C","E01005197"
7241.3,"Manchester 023D","E01005198"
9308.5,"Manchester 023E","E01005201"
7620.1,"Manchester 023F","E01034120"
5701.7,"Manchester 023G","E01034121"
9372.2,"Manchester 024B","E01005243"
8950.6,"Manchester 024C","E01005245"
17983.0,"Manchester 024D","E01005246"
19080.7,"Manchester 024E","E01034122"
4421.3,"Manchester 024F","E01034123"
15836.0,"Manchester 025C","E01005244"
13252.8,"Manchester 025D","E01005285"
9795.8,"Manchester 025E","E01005288"
12706.6,"Manchester 025F","E01034124"
25508.2,"Manchester 025G","E01034125"
14909.9,"Manchester 025H","E01034126"
15477.3,"Manchester 025I","E01034127"
7596.0,"Manchester 026A","E01005280"
5650.3,"Manchester 026B","E01005281"
8759.3,"Manchester 026C","E01005284"
7964.0,"Manchester 026D","E01005286"
10951.9,"Manchester 026E","E01005287"
7451.8,"Manchester 028A","E01005297"
10005.5,"Manchester 028B","E01005298"
7875.3,"Manchester 028C","E01005302"
7726.7,"Manchester 028E","E01033680"
8756.6,"Manchester 028F","E01033686"
6914.0,"Manchester 029A","E01005150"
7756.2,"Manchester 029B","E01005151"
7622.1,"Manchester 029C","E01005152"
6544.7,"Manchester 029D","E01005159"
6980.0,"Manchester 029E","E01005296"
6702.0,"Manchester 029F","E01005299"
9476.7,"Manchester 030A","E01005178"
7050.3,"Manchester 030B","E01005179"
3714.5,"Manchester 030C","E01005180"
5475.8,"Manchester 030D","E01005181"
7963.6,"Manchester 030E","E01005182"
6292.1,"Manchester 030F","E01005183"
9259.9,"Manchester 031A","E01005219"
8578.9,"Manchester 031B","E01005220"
9685.6,"Manchester 031C","E01005221"
5121.9,"Manchester 031D","E01005222"
5463.0,"Manchester 032A","E01005184"
13943.5,"Manchester 032B","E01005185"
10852.9,"Manchester 032C","E01005271"
7159.3,"Manchester 032F","E01034128"
9363.5,"Manchester 033A","E01005154"
5502.2,"Manchester 033B","E01005156"
4370.2,"Manchester 033C","E01005158"
5652.2,"Manchester 033D","E01005300"
5725.9,"Manchester 033E","E01005301"
6690.9,"Manchester 034A","E01005118"
8505.6,"Manchester 034B","E01005120"
5881.5,"Manchester 034C","E01005215"
4805.2,"Manchester 034D","E01005216"
6451.0,"Manchester 034E","E01005217"
7563.8,"Manchester 034F","E01005218"
8173.8,"Manchester 035A","E01005270"
4113.8,"Manchester 035B","E01005272"
11457.0,"Manchester 035C","E01005273"
7981.1,"Manchester 035D","E01005278"
3507.2,"Manchester 035E","E01005279"
5205.7,"Manchester 036A","E01005305"
10604.2,"Manchester 036B","E01005309"
12779.9,"Manchester 036C","E01005310"
8694.6,"Manchester 036D","E01005311"
16219.3,"Manchester 036E","E01005312"
2322.2,"Manchester 037A","E01005082"
8801.4,"Manchester 037B","E01005153"
3813.8,"Manchester 037C","E01005155"
1715.9,"Manchester 037D","E01005157"
6912.8,"Manchester 038A","E01005274"
11780.3,"Manchester 038B","E01005275"
7267.8,"Manchester 038C","E01005276"
5938.4,"Manchester 038D","E01005277"
8331.3,"Manchester 039A","E01005076"
4345.3,"Manchester 039C","E01005081"
5037.0,"Manchester 039D","E01005083"
5724.5,"Manchester 039E","E01033670"
7967.9,"Manchester 039F","E01033671"
6870.4,"Manchester 040A","E01005125"
9324.1,"Manchester 040B","E01005304"
4757.6,"Manchester 040C","E01005306"
6621.4,"Manchester 040D","E01005307"
5055.4,"Manchester 040E","E01005308"
6011.8,"Manchester 041A","E01005119"
6449.9,"Manchester 041B","E01005121"
5542.7,"Manchester 041C","E01005122"
7937.4,"Manchester 041D","E01005123"
7793.1,"Manchester 041E","E01005124"
3933.8,"Manchester 042A","E01005077"
4237.4,"Manchester 042B","E01005078"
3745.2,"Manchester 042C","E01005079"
2309.5,"Manchester 042D","E01005084"
4953.1,"Manchester 043A","E01005172"
1972.2,"Manchester 043B","E01005173"
7527.8,"Manchester 043C","E01005174"
6774.6,"Manchester 043D","E01005175"
6125.3,"Manchester 043E","E01005176"
7028.0,"Manchester 043F","E01005177"
5493.5,"Manchester 044A","E01005115"
6483.8,"Manchester 044B","E01005262"
3957.3,"Manchester 044C","E01005264"
5762.6,"Manchester 044D","E01005265"
6371.0,"Manchester 044E","E01005266"
6887.9,"Manchester 045A","E01005126"
4075.5,"Manchester 045B","E01005168"
1836.8,"Manchester 045C","E01005169"
2151.5,"Manchester 045D","E01005170"
3260.5,"Manchester 045E","E01005171"
1485.7,"Manchester 046A","E01005263"
1294.6,"Manchester 046B","E01005267"
2654.8,"Manchester 046C","E01005268"
2578.6,"Manchester 046D","E01005269"
4106.6,"Manchester 047A","E01005069"
5626.2,"Manchester 047B","E01005111"
6593.1,"Manchester 047C","E01005113"
3277.0,"Manchester 047D","E01005114"
4849.1,"Manchester 047E","E01005116"
5366.5,"Manchester 048A","E01005071"
6194.0,"Manchester 048B","E01005072"
3672.9,"Manchester 048C","E01005073"
2250.2,"Manchester 048D","E01005112"
2472.3,"Manchester 048E","E01005117"
5698.2,"Manchester 049A","E01005085"
7703.8,"Manchester 049B","E01005086"
6762.8,"Manchester 049C","E01005089"
7463.8,"Manchester 049D","E01005289"
2931.2,"Manchester 049E","E01005295"
7783.8,"Manchester 050A","E01005087"
5465.1,"Manchester 050B","E01005088"
5758.7,"Manchester 050C","E01005090"
8702.5,"Manchester 050D","E01005091"
3637.9,"Manchester 050E","E01005291"
5224.1,"Manchester 051A","E01005068"
2289.6,"Manchester 051B","E01005070"
3562.3,"Manchester 051C","E01005074"
1898.8,"Manchester 051D","E01005075"
4975.4,"Manchester 051E","E01005319"
5047.8,"Manchester 052A","E01005290"
4954.5,"Manchester 052B","E01005292"
4772.4,"Manchester 052C","E01005293"
3699.4,"Manchester 052D","E01005294"
1028.7,"Manchester 052E","E01005317"
5345.8,"Manchester 053A","E01005313"
5709.0,"Manchester 053B","E01005314"
4741.5,"Manchester 053C","E01005315"
238.9,"Manchester 053D","E01005316"
3207.6,"Manchester 053E","E01005318"
4207.6,"Manchester 054A","E01005130"
5685.9,"Manchester 054B","E01033651"
2281.1,"Manchester 054C","E01033658"
7172.1,"Manchester 054D","E01033664"
11227.4,"Manchester 054E","E01033667"
14827.8,"Manchester 055A","E01005128"
5927.0,"Manchester 055B","E01033653"
6442.4,"Manchester 055C","E01033654"
3565.3,"Manchester 055E","E01033661"
14781.4,"Manchester 055F","E01034129"
12891.6,"Manchester 055G","E01034130"
17133.9,"Manchester 056A","E01005143"
10979.2,"Manchester 056B","E01033655"
2161.6,"Manchester 056C","E01033665"
2770.0,"Manchester 056D","E01033676"
11248.2,"Manchester 057A","E01005212"
12967.6,"Manchester 057B","E01033656"
13889.7,"Manchester 057C","E01033662"
8373.5,"Manchester 058A","E01005142"
4978.5,"Manchester 058B","E01005147"
2864.2,"Manchester 058C","E01033674"
8957.4,"Manchester 058D","E01033675"
9352.3,"Manchester 059A","E01005213"
14870.7,"Manchester 059B","E01033660"
7341.7,"Manchester 059C","E01033672"
22422.4,"Manchester 059D","E01033673"
3932.8,"Manchester 060A","E01033677"
3876.4,"Manchester 060B","E01033681"
7205.2,"Manchester 060C","E01033682"
10688.2,"Manchester 060E","E01034131"
17925.6,"Manchester 060F","E01034132"
4279.7,"Manchester 061A","E01005129"
5373.4,"Manchester 061B","E01005132"
6988.4,"Manchester 061C","E01034133"
18996.8,"Manchester 061D","E01034134"
7448.2,"Manchester 062A","E01034135"
1850.4,"Manchester 062B","E01033688"
14687.0,"Manchester 062C","E01034136"
37681.2,"Manchester 062D","E01033684"
11524.7,"Manchester 063A","E01005234"
28431.8,"Manchester 063B","E01005233"
9135.0,"Manchester 063C","E01034137"
11080.0,"Manchester 063D","E01005238"
4596.3,"Manchester 064A","E01005200"
23797.3,"Manchester 064B","E01034138"
18389.5,"Manchester 064C","E01005199"
407.1,"Bolton 001A","E01004768"
659.7,"Bolton 001B","E01004803"
3130.1,"Bolton 001C","E01004804"
4375.6,"Bolton 001D","E01004807"
2166.6,"Bolton 001E","E01004808"
1817.3,"Bolton 002A","E01004788"
2651.5,"Bolton 002B","E01004790"
1591.1,"Bolton 002C","E01004805"
2395.8,"Bolton 002D","E01004806"
1951.4,"Bolton 002E","E01004810"
3715.7,"Bolton 003A","E01004769"
3438.8,"Bolton 003B","E01004770"
3722.1,"Bolton 003C","E01004771"
7381.7,"Bolton 003D","E01004773"
4822.3,"Bolton 003E","E01004809"
5013.1,"Bolton 004A","E01004777"
7107.9,"Bolton 004B","E01004881"
3410.5,"Bolton 004C","E01004888"
4373.9,"Bolton 004D","E01004889"
4480.9,"Bolton 004E","E01004890"
3216.9,"Bolton 005A","E01004766"
3624.9,"Bolton 005B","E01004767"
5671.3,"Bolton 005C","E01004772"
5682.5,"Bolton 005D","E01004774"
6767.2,"Bolton 005E","E01004824"
4950.2,"Bolton 006A","E01004784"
2632.7,"Bolton 006B","E01004785"
1655.6,"Bolton 006C","E01004786"
256.3,"Bolton 006D","E01004789"
3322.5,"Bolton 006E","E01004791"
2208.1,"Bolton 006F","E01004792"
5485.7,"Bolton 007A","E01004779"
781.0,"Bolton 007B","E01004781"
5760.0,"Bolton 007C","E01004882"
3646.9,"Bolton 007D","E01004883"
259.3,"Bolton 007E","E01004884"
6731.0,"Bolton 008A","E01004864"
8512.6,"Bolton 008B","E01004867"
7072.3,"Bolton 008C","E01004921"
256.9,"Bolton 008D","E01004924"
7514.2,"Bolton 008E","E01004925"
2718.1,"Bolton 009A","E01004778"
366.6,"Bolton 009B","E01004780"
2214.9,"Bolton 009C","E01004782"
957.5,"Bolton 009D","E01004783"
5651.7,"Bolton 010A","E01004802"
6447.5,"Bolton 010B","E01004926"
3399.3,"Bolton 010C","E01004927"
4788.5,"Bolton 010D","E01004929"
11489.1,"Bolton 011A","E01004820"
12181.7,"Bolton 011B","E01004825"
9235.5,"Bolton 011C","E01004826"
6118.4,"Bolton 011D","E01004865"
5301.8,"Bolton 011E","E01004866"
415.2,"Bolton 012A","E01004840"
4374.8,"Bolton 012B","E01004841"
5158.1,"Bolton 012C","E01004842"
3778.2,"Bolton 012D","E01004919"
3541.8,"Bolton 012E","E01004920"
5685.8,"Bolton 013A","E01004787"
5656.5,"Bolton 013B","E01004793"
5333.0,"Bolton 013C","E01004794"
3677.3,"Bolton 013D","E01004795"
4666.9,"Bolton 013E","E01004797"
312.6,"Bolton 014A","E01004775"
727.9,"Bolton 014B","E01004885"
5884.6,"Bolton 014C","E01004886"
1996.4,"Bolton 014D","E01004887"
11432.3,"Bolton 015A","E01004868"
8376.7,"Bolton 015B","E01004869"
6368.8,"Bolton 015C","E01004870"
9052.4,"Bolton 015D","E01004871"
7917.1,"Bolton 015E","E01004922"
5909.2,"Bolton 016B","E01004822"
6465.6,"Bolton 016C","E01004823"
2396.2,"Bolton 016D","E01004848"
1527.2,"Bolton 016E","E01033217"
1427.0,"Bolton 016F","E01033220"
7098.1,"Bolton 017A","E01004818"
4296.6,"Bolton 017B","E01004819"
7517.7,"Bolton 017C","E01004928"
3382.5,"Bolton 017D","E01004930"
4566.4,"Bolton 017E","E01004931"
2801.5,"Bolton 017F","E01004932"
13300.3,"Bolton 018A","E01004834"
2488.2,"Bolton 018B","E01004838"
4465.5,"Bolton 018C","E01004843"
3677.8,"Bolton 018D","E01004845"
9952.5,"Bolton 018E","E01004923"
3089.0,"Bolton 019A","E01004796"
2990.4,"Bolton 019B","E01004798"
4523.8,"Bolton 019C","E01004799"
5380.5,"Bolton 019D","E01004800"
3194.0,"Bolton 019E","E01004801"
1321.5,"Bolton 019F","E01004917"
3578.3,"Bolton 020A","E01004835"
2904.7,"Bolton 020B","E01004836"
1228.2,"Bolton 020C","E01004837"
1794.8,"Bolton 020D","E01004844"
1312.2,"Bolton 020E","E01004897"
12460.9,"Bolton 021A","E01004827"
6100.0,"Bolton 021B","E01004849"
12164.5,"Bolton 021C","E01004850"
7843.2,"Bolton 021D","E01004851"
15144.2,"Bolton 021E","E01004853"
4229.7,"Bolton 022A","E01004811"
2980.5,"Bolton 022B","E01004812"
9175.9,"Bolton 022C","E01004813"
7504.2,"Bolton 022D","E01004815"
2436.3,"Bolton 022E","E01004817"
14085.2,"Bolton 023A","E01004828"
7175.2,"Bolton 023B","E01004829"
10024.4,"Bolton 023C","E01004832"
12236.2,"Bolton 023D","E01004854"
7295.8,"Bolton 023E","E01004878"
4945.4,"Bolton 024A","E01004911"
2472.4,"Bolton 024B","E01004912"
4562.4,"Bolton 024C","E01004913"
2512.3,"Bolton 024D","E01004914"
2532.3,"Bolton 024E","E01004915"
3398.2,"Bolton 024F","E01004916"
5778.3,"Bolton 024G","E01004918"
11614.5,"Bolton 025A","E01004846"
9520.2,"Bolton 025B","E01004847"
8895.7,"Bolton 025C","E01004852"
3821.6,"Bolton 025D","E01004877"
9319.5,"Bolton 025E","E01004879"
7024.4,"Bolton 026A","E01004830"
4648.9,"Bolton 026B","E01004831"
277.6,"Bolton 026C","E01004833"
6706.3,"Bolton 026D","E01004839"
1995.8,"Bolton 027A","E01004814"
1860.3,"Bolton 027B","E01004855"
3865.7,"Bolton 027C","E01004856"
5033.1,"Bolton 027D","E01004857"
1415.8,"Bolton 028A","E01004891"
1526.4,"Bolton 028B","E01004893"
3854.6,"Bolton 028C","E01004894"
4977.4,"Bolton 028E","E01004901"
2243.8,"Bolton 028F","E01033218"
1056.9,"Bolton 028G","E01033219"
12235.6,"Bolton 029A","E01004816"
6924.3,"Bolton 029B","E01004872"
8208.8,"Bolton 029C","E01004873"
3158.6,"Bolton 029D","E01004875"
3147.5,"Bolton 029E","E01004880"
456.9,"Bolton 030A","E01004892"
2736.7,"Bolton 030B","E01004896"
1067.0,"Bolton 030C","E01004899"
6343.3,"Bolton 030D","E01004900"
340.2,"Bolton 031A","E01004776"
5015.1,"Bolton 031B","E01004895"
3596.3,"Bolton 031C","E01004936"
5358.3,"Bolton 031D","E01004938"
2348.4,"Bolton 031E","E01004939"
4954.7,"Bolton 032A","E01004858"
4419.0,"Bolton 032B","E01004859"
5003.4,"Bolton 032C","E01004860"
4200.6,"Bolton 032D","E01004902"
2874.8,"Bolton 032E","E01004906"
3964.4,"Bolton 033A","E01004861"
5167.3,"Bolton 033B","E01004862"
5549.3,"Bolton 033C","E01004863"
5607.0,"Bolton 033D","E01004874"
5003.8,"Bolton 033E","E01004876"
2706.5,"Bolton 034A","E01004903"
866.3,"Bolton 034B","E01004904"
4640.9,"Bolton 034C","E01004905"
4053.2,"Bolton 034D","E01004907"
646.4,"Bolton 034E","E01004908"
3935.2,"Bolton 034F","E01004909"
1891.5,"Bolton 034G","E01004910"
1717.4,"Bolton 035A","E01004933"
1334.0,"Bolton 035B","E01004934"
3896.5,"Bolton 035C","E01004935"
786.9,"Bolton 035D","E01004937"
5609.6,"Bolton 035E","E01004940"
2445.3,"Bury 001A","E01005014"
745.5,"Bury 001B","E01005015"
3940.9,"Bury 001C","E01005016"
1550.7,"Bury 001D","E01005017"
3478.5,"Bury 001E","E01005018"
180.7,"Bury 001F","E01005021"
2954.2,"Bury 002A","E01005019"
3258.5,"Bury 002B","E01005023"
3062.3,"Bury 002C","E01005046"
2020.7,"Bury 002D","E01005048"
2848.8,"Bury 003A","E01005020"
485.5,"Bury 003B","E01005022"
225.1,"Bury 003C","E01005047"
1180.3,"Bury 003D","E01005049"
2411.8,"Bury 003E","E01005051"
4722.1,"Bury 004A","E01004976"
3896.9,"Bury 004B","E01004977"
5242.8,"Bury 004C","E01004978"
563.6,"Bury 004D","E01004981"
1112.5,"Bury 004E","E01004982"
3940.2,"Bury 005A","E01004961"
1344.3,"Bury 005B","E01004965"
2798.6,"Bury 005C","E01004966"
3117.8,"Bury 005D","E01004967"
2698.6,"Bury 006A","E01004963"
4945.1,"Bury 006B","E01004968"
3694.6,"Bury 006C","E01005050"
6059.7,"Bury 006D","E01005052"
2107.4,"Bury 006E","E01005053"
1125.4,"Bury 007A","E01004954"
3211.1,"Bury 007B","E01004955"
1174.2,"Bury 007C","E01004956"
2717.5,"Bury 007D","E01004957"
4386.7,"Bury 007E","E01004960"
5937.0,"Bury 008A","E01004958"
7871.1,"Bury 008B","E01004959"
2672.2,"Bury 008C","E01004979"
7384.5,"Bury 008D","E01004980"
3472.3,"Bury 008E","E01005024"
9339.9,"Bury 008F","E01005026"
7604.5,"Bury 009A","E01004947"
1968.0,"Bury 009B","E01004948"
6786.8,"Bury 009C","E01004962"
4626.5,"Bury 009D","E01004964"
3358.7,"Bury 010A","E01004949"
1090.0,"Bury 010B","E01004950"
5380.4,"Bury 010C","E01004951"
3842.4,"Bury 010D","E01004952"
3173.3,"Bury 010E","E01004953"
1984.6,"Bury 011A","E01005025"
2709.9,"Bury 011B","E01005027"
7744.3,"Bury 011C","E01005028"
7959.1,"Bury 011D","E01005029"
1293.0,"Bury 012A","E01005000"
5363.0,"Bury 012B","E01005001"
405.0,"Bury 012C","E01005005"
1140.6,"Bury 012D","E01005006"
4610.2,"Bury 013A","E01005030"
459.2,"Bury 013B","E01005054"
2978.7,"Bury 013C","E01005059"
1885.4,"Bury 013D","E01005060"
5575.5,"Bury 014A","E01004997"
3276.6,"Bury 014B","E01004998"
753.9,"Bury 014C","E01004999"
6151.0,"Bury 014D","E01005002"
9476.7,"Bury 014E","E01005003"
1968.9,"Bury 015A","E01004991"
1875.5,"Bury 015B","E01004992"
3689.0,"Bury 015C","E01004993"
2009.3,"Bury 015D","E01004994"
5729.8,"Bury 016A","E01004990"
6259.3,"Bury 016B","E01004996"
5364.0,"Bury 016C","E01005004"
4998.8,"Bury 016D","E01005008"
3526.4,"Bury 016E","E01005009"
401.5,"Bury 017A","E01004945"
3791.6,"Bury 017B","E01005055"
2994.4,"Bury 017C","E01005056"
2763.0,"Bury 017D","E01005057"
5045.0,"Bury 017E","E01005058"
1445.2,"Bury 018A","E01004995"
632.4,"Bury 018B","E01005010"
2401.5,"Bury 018C","E01005012"
5186.9,"Bury 018D","E01005013"
5552.5,"Bury 019A","E01004984"
393.4,"Bury 019B","E01004985"
3755.3,"Bury 019C","E01004989"
2545.1,"Bury 019D","E01005007"
2540.8,"Bury 019E","E01005011"
3948.1,"Bury 020A","E01004983"
1773.1,"Bury 020B","E01004986"
4770.6,"Bury 020C","E01004987"
3155.9,"Bury 020D","E01004988"
3746.2,"Bury 021A","E01004941"
7602.9,"Bury 021B","E01004942"
6048.7,"Bury 021C","E01004943"
6342.0,"Bury 021D","E01004944"
4335.1,"Bury 021E","E01004946"
578.2,"Bury 022A","E01004969"
2870.3,"Bury 022B","E01004970"
6006.5,"Bury 022C","E01004971"
2771.5,"Bury 022D","E01005034"
7753.0,"Bury 023A","E01004972"
7321.0,"Bury 023B","E01004973"
6890.5,"Bury 023C","E01004975"
5698.3,"Bury 023D","E01005039"
5157.7,"Bury 023E","E01005045"
4954.4,"Bury 024A","E01004974"
3507.1,"Bury 024B","E01005033"
4795.5,"Bury 024C","E01005036"
5353.2,"Bury 024D","E01005037"
4070.6,"Bury 025A","E01005031"
1609.3,"Bury 025B","E01005032"
698.1,"Bury 025C","E01005035"
5397.8,"Bury 025D","E01005038"
7254.8,"Bury 026A","E01005040"
5603.5,"Bury 026B","E01005041"
5877.7,"Bury 026C","E01005042"
8753.4,"Bury 026D","E01005043"
13638.9,"Bury 026E","E01005044"
1051.2,"Oldham 001A","E01005357"
5982.4,"Oldham 001B","E01005358"
1352.5,"Oldham 001C","E01005359"
1463.7,"Oldham 001D","E01005360"
2137.5,"Oldham 002A","E01005441"
3593.8,"Oldham 002B","E01005442"
6821.3,"Oldham 002C","E01005444"
6144.9,"Oldham 002D","E01005445"
2816.0,"Oldham 003A","E01005361"
296.0,"Oldham 003B","E01005443"
3343.6,"Oldham 003C","E01005446"
2269.2,"Oldham 003D","E01005447"
5310.2,"Oldham 004A","E01005390"
768.5,"Oldham 004B","E01005394"
4309.8,"Oldham 004C","E01005395"
3305.7,"Oldham 004D","E01005396"
6368.4,"Oldham 005A","E01005355"
3700.9,"Oldham 005B","E01005356"
4872.4,"Oldham 005C","E01005399"
2343.2,"Oldham 005D","E01005403"
115.2,"Oldham 006A","E01005410"
894.0,"Oldham 006B","E01005411"
72.2,"Oldham 006C","E01005414"
1056.4,"Oldham 006D","E01005415"
1290.5,"Oldham 007C","E01005452"
2153.1,"Oldham 007D","E01005453"
3313.5,"Oldham 007E","E01032558"
1637.5,"Oldham 007F","E01032559"
1082.6,"Oldham 008A","E01005391"
5199.7,"Oldham 008B","E01005392"
3185.5,"Oldham 008C","E01005393"
3556.2,"Oldham 008D","E01005401"
1077.8,"Oldham 009A","E01005397"
2859.3,"Oldham 009B","E01005398"
3942.1,"Oldham 009C","E01005400"
4557.8,"Oldham 009D","E01005402"
3702.6,"Oldham 010A","E01005335"
10370.4,"Oldham 010B","E01005337"
880.6,"Oldham 010C","E01005339"
4791.9,"Oldham 010D","E01005340"
3603.9,"Oldham 011A","E01005421"
3490.1,"Oldham 011B","E01005422"
4892.1,"Oldham 011E","E01032920"
6375.6,"Oldham 012A","E01005448"
3410.1,"Oldham 012B","E01005449"
2710.8,"Oldham 012C","E01005454"
8872.7,"Oldham 012D","E01005455"
7227.7,"Oldham 012E","E01005456"
529.8,"Oldham 013A","E01005407"
1079.6,"Oldham 013B","E01005412"
368.9,"Oldham 013C","E01005416"
651.7,"Oldham 013D","E01005417"
12470.4,"Oldham 014A","E01005348"
4835.3,"Oldham 014B","E01005350"
3585.2,"Oldham 014C","E01005432"
4271.4,"Oldham 014D","E01005433"
4906.7,"Oldham 015A","E01005329"
672.8,"Oldham 015B","E01005330"
5117.7,"Oldham 015C","E01005333"
4050.6,"Oldham 015D","E01005336"
10195.3,"Oldham 016A","E01005349"
8492.9,"Oldham 016B","E01005351"
8456.9,"Oldham 016C","E01005352"
3958.7,"Oldham 016D","E01005353"
3429.0,"Oldham 016E","E01005354"
4213.2,"Oldham 017A","E01005327"
3603.8,"Oldham 017B","E01005328"
7578.0,"Oldham 017C","E01005331"
4819.1,"Oldham 017D","E01005334"
4613.7,"Oldham 017E","E01005338"
5687.3,"Oldham 018A","E01005387"
4761.7,"Oldham 018B","E01005388"
2984.3,"Oldham 018C","E01005389"
5110.5,"Oldham 018D","E01005418"
8510.3,"Oldham 019A","E01005428"
4238.6,"Oldham 019B","E01005431"
11964.2,"Oldham 019C","E01005450"
4835.9,"Oldham 019D","E01005451"
2031.2,"Oldham 020C","E01005408"
61.1,"Oldham 020D","E01005409"
2834.0,"Oldham 020E","E01032922"
951.3,"Oldham 021A","E01005406"
2791.7,"Oldham 021B","E01005413"
5881.6,"Oldham 021C","E01005419"
3572.2,"Oldham 021D","E01005420"
3043.4,"Oldham 022A","E01005321"
13427.4,"Oldham 022B","E01005326"
7618.7,"Oldham 022C","E01005427"
7622.1,"Oldham 022D","E01005429"
10689.7,"Oldham 022E","E01005430"
12075.1,"Oldham 024A","E01005320"
3463.1,"Oldham 024B","E01005434"
15340.8,"Oldham 024C","E01005437"
5266.3,"Oldham 024D","E01005459"
4634.1,"Oldham 026A","E01005383"
752.0,"Oldham 026D","E01005386"
3694.0,"Oldham 026E","E01032556"
4913.6,"Oldham 026F","E01032557"
6197.0,"Oldham 027A","E01005342"
9915.9,"Oldham 027B","E01005343"
7249.0,"Oldham 027C","E01005344"
6145.1,"Oldham 027D","E01005381"
3977.1,"Oldham 028A","E01005332"
5536.8,"Oldham 028B","E01005341"
2362.8,"Oldham 028C","E01005345"
3629.3,"Oldham 028D","E01005346"
2264.2,"Oldham 028E","E01005347"
7051.4,"Oldham 029A","E01005322"
5629.3,"Oldham 029B","E01005323"
3097.5,"Oldham 029C","E01005324"
4435.6,"Oldham 029D","E01005325"
4310.2,"Oldham 029E","E01005438"
7584.6,"Oldham 030A","E01005377"
7397.3,"Oldham 030B","E01005379"
2548.0,"Oldham 030C","E01005380"
5643.6,"Oldham 030D","E01005382"
5383.3,"Oldham 030E","E01005439"
4584.5,"Oldham 031A","E01005362"
6510.5,"Oldham 031B","E01005364"
5766.5,"Oldham 031C","E01005368"
3296.8,"Oldham 031D","E01005376"
3165.9,"Oldham 031E","E01005378"
5832.8,"Oldham 032A","E01005363"
3702.0,"Oldham 032B","E01005369"
3866.7,"Oldham 032C","E01005370"
4296.6,"Oldham 032D","E01005371"
1337.3,"Oldham 033A","E01005365"
5106.7,"Oldham 033B","E01005366"
746.1,"Oldham 033C","E01005367"
900.5,"Oldham 033D","E01005440"
6284.4,"Oldham 034A","E01005372"
6312.2,"Oldham 034B","E01005373"
7196.1,"Oldham 034C","E01005374"
3235.7,"Oldham 034D","E01005375"
9266.2,"Oldham 036A","E01034232"
6145.9,"Oldham 036B","E01034233"
12346.0,"Oldham 036C","E01005460"
11276.7,"Oldham 036D","E01005463"
10301.7,"Oldham 037A","E01005461"
12102.4,"Oldham 037B","E01005435"
7306.2,"Oldham 037C","E01005462"
8200.2,"Oldham 037D","E01005436"
203.5,"Rochdale 001A","E01005518"
1086.9,"Rochdale 001B","E01005520"
5505.7,"Rochdale 001C","E01005522"
3216.9,"Rochdale 001D","E01005523"
1333.1,"Rochdale 002A","E01005519"
355.8,"Rochdale 002B","E01005594"
278.1,"Rochdale 002C","E01005597"
3461.5,"Rochdale 002D","E01005598"
4644.7,"Rochdale 003A","E01005516"
2418.3,"Rochdale 003B","E01005517"
90.1,"Rochdale 003C","E01005521"
1587.0,"Rochdale 003D","E01005596"
4196.4,"Rochdale 004A","E01005578"
5123.9,"Rochdale 004B","E01005579"
4851.3,"Rochdale 004C","E01005586"
6357.5,"Rochdale 004D","E01005593"
6003.6,"Rochdale 004E","E01005595"
2371.8,"Rochdale 005A","E01005489"
1823.4,"Rochdale 005B","E01005490"
2836.8,"Rochdale 005C","E01005491"
2775.7,"Rochdale 005D","E01005493"
4626.3,"Rochdale 005E","E01005494"
2781.0,"Rochdale 005F","E01005495"
461.2,"Rochdale 006A","E01005488"
2308.5,"Rochdale 006B","E01005492"
77.2,"Rochdale 006C","E01005499"
372.2,"Rochdale 006D","E01005571"
1688.2,"Rochdale 007A","E01005570"
4326.5,"Rochdale 007B","E01005572"
2348.4,"Rochdale 007C","E01005573"
1729.0,"Rochdale 007D","E01005574"
3586.8,"Rochdale 007E","E01005587"
3309.0,"Rochdale 007F","E01005588"
3932.7,"Rochdale 008A","E01005580"
6652.1,"Rochdale 008B","E01005581"
7410.9,"Rochdale 008D","E01005583"
3137.0,"Rochdale 008F","E01005585"
11737.7,"Rochdale 008H","E01034234"
7007.1,"Rochdale 008I","E01034235"
4269.6,"Rochdale 009A","E01005496"
6591.7,"Rochdale 009B","E01005589"
3727.5,"Rochdale 009C","E01005590"
5537.7,"Rochdale 009D","E01005591"
2395.1,"Rochdale 009E","E01005592"
3041.6,"Rochdale 010A","E01005472"
6264.7,"Rochdale 010B","E01005473"
1936.6,"Rochdale 010C","E01005482"
8101.5,"Rochdale 010D","E01005483"
3489.0,"Rochdale 010E","E01005484"
10143.1,"Rochdale 010F","E01005486"
4744.1,"Rochdale 010G","E01005487"
1382.0,"Rochdale 011A","E01005474"
3772.0,"Rochdale 011B","E01005575"
2261.2,"Rochdale 011C","E01005576"
2116.3,"Rochdale 011D","E01005577"
6051.1,"Rochdale 012A","E01005469"
4910.6,"Rochdale 012B","E01005563"
5289.6,"Rochdale 012C","E01005565"
3771.3,"Rochdale 012D","E01005566"
9933.4,"Rochdale 012E","E01005568"
5708.8,"Rochdale 012F","E01005569"
3286.0,"Rochdale 013A","E01005556"
2171.1,"Rochdale 013B","E01005559"
1157.0,"Rochdale 013C","E01005560"
1432.5,"Rochdale 013D","E01005567"
394.8,"Rochdale 014A","E01005555"
4060.6,"Rochdale 014B","E01005557"
5022.1,"Rochdale 014C","E01005558"
118.6,"Rochdale 014D","E01005561"
2161.6,"Rochdale 014E","E01005562"
15025.8,"Rochdale 015A","E01005470"
4207.4,"Rochdale 015B","E01005471"
6019.0,"Rochdale 015C","E01005475"
9777.7,"Rochdale 015D","E01005485"
5464.9,"Rochdale 015E","E01005564"
5384.2,"Rochdale 016A","E01005464"
3242.0,"Rochdale 016B","E01005465"
4169.5,"Rochdale 016C","E01005466"
1694.0,"Rochdale 016D","E01005467"
1096.8,"Rochdale 016E","E01005468"
1429.0,"Rochdale 017A","E01005476"
3962.9,"Rochdale 017B","E01005477"
867.1,"Rochdale 017C","E01005478"
1452.2,"Rochdale 017D","E01005479"
2776.0,"Rochdale 017E","E01005480"
4226.4,"Rochdale 017F","E01005481"
4206.9,"Rochdale 018A","E01005497"
3029.2,"Rochdale 018B","E01005501"
7027.0,"Rochdale 018C","E01005502"
5536.1,"Rochdale 018D","E01005504"
3168.3,"Rochdale 018E","E01005505"
6790.4,"Rochdale 018F","E01005509"
4862.2,"Rochdale 019A","E01005510"
1591.2,"Rochdale 019B","E01005511"
6354.8,"Rochdale 019C","E01005512"
5762.0,"Rochdale 019D","E01005513"
716.5,"Rochdale 019E","E01005514"
2459.6,"Rochdale 019F","E01005515"
1702.9,"Rochdale 020A","E01005498"
871.9,"Rochdale 020B","E01005500"
3670.3,"Rochdale 020C","E01005503"
5981.5,"Rochdale 020D","E01005506"
2439.8,"Rochdale 020E","E01005507"
462.4,"Rochdale 020F","E01005508"
4923.0,"Rochdale 021A","E01005524"
3860.8,"Rochdale 021B","E01005525"
787.8,"Rochdale 021C","E01005526"
5072.1,"Rochdale 021D","E01005528"
5158.1,"Rochdale 021E","E01005536"
401.9,"Rochdale 021F","E01005543"
4779.3,"Rochdale 022A","E01005527"
6658.6,"Rochdale 022B","E01005529"
6775.9,"Rochdale 022C","E01005551"
6691.4,"Rochdale 022D","E01005552"
7077.8,"Rochdale 022E","E01005553"
687.2,"Rochdale 022F","E01005554"
4893.0,"Rochdale 023A","E01005534"
4926.2,"Rochdale 023B","E01005535"
4962.9,"Rochdale 023C","E01005537"
6333.3,"Rochdale 023D","E01005538"
2833.4,"Rochdale 023E","E01005540"
5913.6,"Rochdale 023F","E01005541"
5024.9,"Rochdale 023G","E01005542"
4299.3,"Rochdale 024A","E01005533"
2808.6,"Rochdale 024B","E01005539"
1020.3,"Rochdale 024C","E01005546"
3648.6,"Rochdale 024D","E01005547"
1905.3,"Rochdale 024E","E01005548"
3557.8,"Rochdale 025A","E01005530"
2757.8,"Rochdale 025B","E01005531"
5087.1,"Rochdale 025C","E01005532"
3762.8,"Rochdale 025D","E01005544"
3675.4,"Rochdale 025E","E01005545"
2777.7,"Rochdale 025F","E01005549"
4267.4,"Rochdale 025G","E01005550"
2638.4,"Salford 001A","E01005659"
5612.7,"Salford 001B","E01005660"
3766.4,"Salford 001C","E01005663"
4859.2,"Salford 001D","E01005664"
5503.5,"Salford 001E","E01005665"
5319.9,"Salford 002A","E01005703"
5861.3,"Salford 002B","E01005704"
5613.6,"Salford 002C","E01005706"
3813.2,"Salford 002D","E01005708"
3666.8,"Salford 003A","E01005702"
2805.2,"Salford 003C","E01005707"
1139.0,"Salford 003D","E01033976"
5933.4,"Salford 003E","E01033977"
2729.1,"Salford 004A","E01005661"
1848.5,"Salford 004B","E01005662"
6401.0,"Salford 004C","E01005709"
2839.2,"Salford 004D","E01005710"
4378.9,"Salford 005A","E01005670"
5383.3,"Salford 005B","E01005672"
1873.4,"Salford 005C","E01005676"
1261.3,"Salford 005D","E01005677"
4616.6,"Salford 006A","E01005686"
5139.3,"Salford 006B","E01005688"
2031.9,"Salford 006C","E01005691"
4002.9,"Salford 006D","E01005692"
1843.9,"Salford 007A","E01005711"
6145.1,"Salford 007B","E01005712"
4085.9,"Salford 007C","E01005713"
2178.7,"Salford 007D","E01005714"
3435.7,"Salford 007E","E01005715"
4477.1,"Salford 007F","E01005718"
1579.7,"Salford 008A","E01005673"
1688.7,"Salford 008C","E01005678"
4102.7,"Salford 008D","E01005679"
2183.2,"Salford 008E","E01033978"
1243.8,"Salford 008F","E01033979"
1895.8,"Salford 009A","E01005687"
4913.7,"Salford 009B","E01005689"
4530.5,"Salford 009C","E01005690"
4163.3,"Salford 009D","E01005693"
9099.7,"Salford 010A","E01005646"
4683.3,"Salford 010B","E01005649"
4562.7,"Salford 010C","E01005650"
10044.1,"Salford 010D","E01005651"
5466.1,"Salford 011A","E01005647"
2980.5,"Salford 011B","E01005648"
5789.3,"Salford 011C","E01005652"
2198.1,"Salford 011D","E01005653"
3192.7,"Salford 012A","E01005671"
4924.9,"Salford 012B","E01005674"
1984.9,"Salford 012C","E01005694"
4315.4,"Salford 012D","E01005696"
6198.9,"Salford 012E","E01005698"
5111.3,"Salford 012F","E01005700"
3526.2,"Salford 013A","E01005716"
4074.9,"Salford 013B","E01005717"
3958.1,"Salford 013C","E01005734"
5805.8,"Salford 013D","E01005735"
5187.7,"Salford 013E","E01005736"
172.2,"Salford 013F","E01005737"
2965.0,"Salford 013G","E01005739"
1573.3,"Salford 014A","E01005695"
4894.5,"Salford 014B","E01005697"
596.6,"Salford 014C","E01005738"
2476.4,"Salford 014D","E01005740"
2096.4,"Salford 014E","E01005741"
4242.8,"Salford 014F","E01005742"
5046.0,"Salford 015A","E01005625"
6766.7,"Salford 015B","E01005627"
7745.6,"Salford 015C","E01005699"
4618.1,"Salford 015D","E01005701"
6352.7,"Salford 017A","E01005624"
1850.2,"Salford 017B","E01005680"
3707.1,"Salford 017C","E01005683"
1595.8,"Salford 017G","E01033980"
6786.4,"Salford 017H","E01033981"
9797.3,"Salford 018A","E01005622"
5552.6,"Salford 018B","E01005623"
3624.6,"Salford 018C","E01005626"
5811.8,"Salford 018D","E01005628"
7181.5,"Salford 019A","E01005725"
3250.9,"Salford 019B","E01005726"
7744.0,"Salford 019C","E01005727"
6079.4,"Salford 019D","E01005728"
3564.7,"Salford 019E","E01005733"
5658.4,"Salford 020A","E01005631"
4442.4,"Salford 020B","E01005632"
4282.9,"Salford 020C","E01005633"
5261.6,"Salford 020D","E01005634"
4317.1,"Salford 020E","E01005635"
3554.4,"Salford 020F","E01005636"
4463.9,"Salford 020G","E01005637"
5683.1,"Salford 021A","E01005629"
6723.8,"Salford 021B","E01005630"
2899.8,"Salford 021C","E01005719"
5486.0,"Salford 021E","E01005722"
2589.6,"Salford 021F","E01005723"
4539.0,"Salford 021G","E01005724"
10742.0,"Salford 021H","E01033982"
1526.6,"Salford 021I","E01033983"
10790.3,"Salford 023A","E01005654"
11450.7,"Salford 023B","E01005656"
10303.0,"Salford 023C","E01005657"
3812.3,"Salford 023D","E01005721"
6781.0,"Salford 024C","E01005681"
10394.0,"Salford 024D","E01005682"
4665.8,"Salford 024E","E01033984"
8091.7,"Salford 025A","E01005729"
3865.6,"Salford 025B","E01005730"
4333.5,"Salford 025C","E01005731"
603.9,"Salford 025D","E01005732"
4003.8,"Salford 026A","E01005599"
6671.0,"Salford 026B","E01005600"
8743.7,"Salford 026C","E01005601"
7636.9,"Salford 026D","E01005602"
7668.5,"Salford 027A","E01005603"
4040.6,"Salford 027B","E01005604"
1542.3,"Salford 027C","E01005605"
7832.1,"Salford 027D","E01005638"
7427.7,"Salford 029A","E01005639"
578.9,"Salford 029B","E01005640"
5638.2,"Salford 029C","E01005641"
3786.8,"Salford 029D","E01005642"
288.2,"Salford 029E","E01005643"
4504.2,"Salford 029F","E01005644"
2863.4,"Salford 029G","E01005645"
3694.4,"Salford 030A","E01005616"
1036.0,"Salford 030B","E01005617"
1372.0,"Salford 030C","E01005618"
2439.1,"Salford 030D","E01005619"
2729.0,"Salford 030E","E01005620"
200.7,"Salford 030F","E01005621"
9208.2,"Salford 031A","E01005613"
8453.2,"Salford 031B","E01005612"
18890.9,"Salford 031C","E01005614"
9771.0,"Salford 032A","E01033985"
8327.9,"Salford 032B","E01033986"
5996.2,"Salford 032C","E01005611"
10528.2,"Salford 032D","E01005615"
6226.7,"Salford 033A","E01033987"
16306.0,"Salford 033B","E01033988"
7092.7,"Salford 033C","E01033989"
15063.5,"Salford 033D","E01033990"
4139.1,"Salford 033E","E01033330"
12033.7,"Salford 033F","E01032909"
1909.2,"Salford 034A","E01033991"
7092.8,"Salford 034B","E01033992"
4380.0,"Salford 034C","E01005610"
6068.3,"Salford 034D","E01032684"
6073.1,"Salford 034E","E01032906"
4141.0,"Salford 035A","E01032914"
3637.7,"Salford 035B","E01032912"
6083.5,"Salford 035C","E01005667"
6523.9,"Salford 036A","E01033993"
28515.8,"Salford 036B","E01033994"
8328.8,"Salford 036C","E01032915"
6807.9,"Salford 037A","E01033995"
5688.9,"Salford 037B","E01033996"
3631.9,"Salford 037C","E01033997"
5572.3,"Salford 037D","E01033998"
14507.7,"Salford 037E","E01033999"
8240.6,"Stockport 001A","E01005886"
8168.7,"Stockport 001B","E01005888"
5187.5,"Stockport 001C","E01005889"
4222.0,"Stockport 001D","E01005891"
8902.0,"Stockport 001E","E01005894"
5089.6,"Stockport 002A","E01005887"
4032.2,"Stockport 002B","E01005890"
8421.3,"Stockport 002C","E01005893"
6463.3,"Stockport 002D","E01005896"
3427.5,"Stockport 002E","E01005919"
6004.9,"Stockport 003A","E01005862"
1626.7,"Stockport 003B","E01005892"
2979.1,"Stockport 003C","E01005895"
5154.5,"Stockport 003D","E01005920"
4918.1,"Stockport 003E","E01005921"
5773.3,"Stockport 003F","E01005922"
6104.8,"Stockport 004A","E01005753"
4474.4,"Stockport 004B","E01005754"
2876.8,"Stockport 004C","E01005755"
3866.0,"Stockport 004D","E01005756"
1706.4,"Stockport 005A","E01005745"
5043.4,"Stockport 005B","E01005746"
4233.6,"Stockport 005C","E01005747"
3301.3,"Stockport 005D","E01005748"
4959.6,"Stockport 006A","E01005863"
5491.3,"Stockport 006B","E01005864"
5785.1,"Stockport 006C","E01005866"
3187.9,"Stockport 006D","E01005869"
3290.8,"Stockport 007A","E01005914"
2372.5,"Stockport 007B","E01005915"
4149.1,"Stockport 007C","E01005916"
3598.3,"Stockport 007D","E01005917"
6011.9,"Stockport 008A","E01005859"
2395.4,"Stockport 008B","E01005865"
4338.4,"Stockport 008C","E01005867"
3250.7,"Stockport 008D","E01005868"
2959.3,"Stockport 009A","E01005743"
593.7,"Stockport 009B","E01005744"
5237.2,"Stockport 009C","E01005749"
2292.0,"Stockport 009D","E01005750"
6037.1,"Stockport 009E","E01005751"
1962.2,"Stockport 010A","E01005897"
384.8,"Stockport 010B","E01005898"
2666.7,"Stockport 010C","E01005900"
1241.1,"Stockport 010D","E01005903"
4314.7,"Stockport 010E","E01005904"
3679.7,"Stockport 011A","E01005853"
2874.6,"Stockport 011B","E01005856"
4968.9,"Stockport 011C","E01005860"
3192.0,"Stockport 011D","E01005861"
4612.6,"Stockport 012A","E01005752"
2057.2,"Stockport 012B","E01005899"
776.9,"Stockport 012C","E01005901"
2399.3,"Stockport 012D","E01005902"
7804.8,"Stockport 012E","E01005905"
2201.2,"Stockport 013A","E01005852"
7137.0,"Stockport 013B","E01005854"
4412.4,"Stockport 013C","E01005855"
3722.5,"Stockport 013D","E01005857"
3960.9,"Stockport 013E","E01005858"
1718.1,"Stockport 014A","E01005757"
5941.9,"Stockport 014C","E01005766"
4891.0,"Stockport 014D","E01005918"
1751.4,"Stockport 014E","E01033947"
8399.8,"Stockport 014F","E01033948"
2007.3,"Stockport 015A","E01005870"
5611.0,"Stockport 015B","E01005871"
3821.5,"Stockport 015C","E01005873"
6385.9,"Stockport 015D","E01005875"
5458.6,"Stockport 016A","E01005764"
12826.6,"Stockport 016B","E01005816"
5280.9,"Stockport 016C","E01005817"
3880.1,"Stockport 016D","E01005822"
334.5,"Stockport 017A","E01005880"
1466.1,"Stockport 017B","E01005881"
1151.7,"Stockport 017C","E01005883"
164.6,"Stockport 017D","E01005908"
5794.1,"Stockport 018A","E01005765"
5420.1,"Stockport 018B","E01005818"
2657.0,"Stockport 018C","E01005819"
6817.6,"Stockport 018D","E01005820"
3193.1,"Stockport 018E","E01005821"
6992.4,"Stockport 018F","E01005823"
5346.1,"Stockport 019A","E01005825"
6125.8,"Stockport 019B","E01005872"
3844.6,"Stockport 019C","E01005874"
7071.9,"Stockport 019D","E01005876"
4426.9,"Stockport 019E","E01005877"
1935.8,"Stockport 020A","E01005878"
6026.5,"Stockport 020B","E01005879"
1142.8,"Stockport 020C","E01005882"
1365.0,"Stockport 020D","E01005884"
3285.6,"Stockport 020E","E01005885"
2493.4,"Stockport 021A","E01005832"
2670.1,"Stockport 021B","E01005833"
843.5,"Stockport 021C","E01005835"
3493.0,"Stockport 021D","E01005837"
4451.9,"Stockport 021E","E01005843"
1142.4,"Stockport 022A","E01005769"
4312.4,"Stockport 022B","E01005778"
5462.0,"Stockport 022C","E01005779"
4989.9,"Stockport 022D","E01005780"
3594.5,"Stockport 022E","E01005781"
5285.2,"Stockport 023A","E01005759"
8659.8,"Stockport 023B","E01005760"
7497.3,"Stockport 023C","E01005797"
4620.9,"Stockport 023D","E01005800"
4671.6,"Stockport 023E","E01005804"
6262.5,"Stockport 024A","E01005824"
6116.2,"Stockport 024B","E01005826"
5402.4,"Stockport 024C","E01005827"
6324.3,"Stockport 024D","E01005828"
2361.3,"Stockport 024E","E01005829"
2457.2,"Stockport 025A","E01005768"
4662.1,"Stockport 025B","E01005770"
3628.3,"Stockport 025C","E01005771"
3804.8,"Stockport 025D","E01005775"
3696.2,"Stockport 026A","E01005761"
4013.4,"Stockport 026B","E01005762"
5687.6,"Stockport 026C","E01005763"
5624.2,"Stockport 026D","E01005799"
4237.4,"Stockport 027A","E01005798"
2838.1,"Stockport 027B","E01005801"
4681.0,"Stockport 027C","E01005802"
3395.9,"Stockport 027D","E01005803"
5096.0,"Stockport 027E","E01005830"
6373.5,"Stockport 027F","E01005831"
2268.4,"Stockport 028A","E01005767"
3517.9,"Stockport 028B","E01005772"
3044.7,"Stockport 028C","E01005773"
2475.2,"Stockport 028D","E01005774"
3700.7,"Stockport 028E","E01005776"
861.5,"Stockport 029A","E01005909"
4405.0,"Stockport 029B","E01005910"
3680.1,"Stockport 029C","E01005911"
431.8,"Stockport 029D","E01005912"
3222.3,"Stockport 030A","E01005782"
4625.5,"Stockport 030B","E01005783"
1396.9,"Stockport 030C","E01005784"
5417.7,"Stockport 030D","E01005785"
4097.6,"Stockport 030E","E01005786"
4934.4,"Stockport 031A","E01005834"
3134.4,"Stockport 031B","E01005836"
5056.8,"Stockport 031C","E01005838"
3079.1,"Stockport 031D","E01005840"
3301.3,"Stockport 032A","E01005927"
1722.0,"Stockport 032B","E01005928"
1630.1,"Stockport 032C","E01005929"
1707.2,"Stockport 032D","E01005930"
1607.3,"Stockport 033A","E01005806"
2811.5,"Stockport 033B","E01005813"
3251.4,"Stockport 033C","E01005814"
4256.1,"Stockport 033D","E01005815"
2865.0,"Stockport 034A","E01005777"
2862.4,"Stockport 034B","E01005787"
3466.2,"Stockport 034C","E01005788"
4017.8,"Stockport 034D","E01005790"
5380.9,"Stockport 035A","E01005805"
2312.4,"Stockport 035B","E01005807"
3520.8,"Stockport 035C","E01005839"
3008.7,"Stockport 035D","E01005841"
1861.7,"Stockport 036A","E01005844"
4493.0,"Stockport 036B","E01005845"
2770.6,"Stockport 036C","E01005849"
3030.6,"Stockport 036D","E01005851"
3605.1,"Stockport 037A","E01005808"
880.9,"Stockport 037B","E01005809"
2562.0,"Stockport 037C","E01005810"
3503.1,"Stockport 037D","E01005811"
1844.0,"Stockport 037E","E01005812"
458.2,"Stockport 038A","E01005842"
1506.7,"Stockport 038B","E01005906"
1530.6,"Stockport 038C","E01005907"
965.1,"Stockport 038D","E01005913"
3910.6,"Stockport 039A","E01005789"
4244.0,"Stockport 039B","E01005791"
1628.4,"Stockport 039C","E01005793"
3396.4,"Stockport 039D","E01005795"
2997.6,"Stockport 039E","E01005796"
4408.4,"Stockport 040A","E01005846"
7389.9,"Stockport 040B","E01005847"
1779.9,"Stockport 040C","E01005848"
2744.7,"Stockport 040D","E01005850"
3900.6,"Stockport 041A","E01005792"
4527.3,"Stockport 041B","E01005794"
2105.3,"Stockport 041C","E01005923"
3766.5,"Stockport 041D","E01005931"
3320.6,"Stockport 042A","E01005924"
2499.6,"Stockport 042B","E01005925"
389.3,"Stockport 042C","E01005926"
1949.7,"Stockport 042D","E01005932"
1323.9,"Tameside 001A","E01006053"
1344.3,"Tameside 001B","E01006054"
2858.5,"Tameside 001C","E01006055"
4329.0,"Tameside 001D","E01006057"
3956.5,"Tameside 001E","E01006058"
1651.4,"Tameside 001F","E01006059"
346.2,"Tameside 002A","E01005938"
4109.3,"Tameside 002B","E01005939"
2373.7,"Tameside 002C","E01005940"
4431.5,"Tameside 002D","E01005955"
350.8,"Tameside 003A","E01006056"
1445.6,"Tameside 003B","E01006061"
2688.2,"Tameside 003C","E01006062"
1085.2,"Tameside 003D","E01006063"
4186.7,"Tameside 004A","E01005936"
3184.1,"Tameside 004B","E01005937"
7569.5,"Tameside 004C","E01005945"
7707.6,"Tameside 004D","E01005946"
12459.3,"Tameside 004E","E01005947"
3542.0,"Tameside 005A","E01005954"
1262.2,"Tameside 005B","E01005956"
6846.5,"Tameside 005C","E01005957"
6495.6,"Tameside 005D","E01005958"
5425.2,"Tameside 005E","E01005959"
6231.2,"Tameside 006A","E01005933"
5276.6,"Tameside 006B","E01005934"
5376.1,"Tameside 006C","E01005935"
5812.8,"Tameside 006D","E01005949"
8027.6,"Tameside 006E","E01005960"
6650.2,"Tameside 007A","E01005941"
5474.6,"Tameside 007B","E01005942"
3192.8,"Tameside 007C","E01005943"
3193.1,"Tameside 007D","E01005944"
3674.0,"Tameside 008A","E01006060"
4314.6,"Tameside 008B","E01006064"
5777.6,"Tameside 008C","E01006065"
4262.5,"Tameside 008D","E01006066"
4805.2,"Tameside 009A","E01006067"
4949.2,"Tameside 009B","E01006068"
2661.4,"Tameside 009C","E01006069"
149.5,"Tameside 009D","E01006073"
3543.3,"Tameside 010A","E01005993"
1429.0,"Tameside 010B","E01005995"
6152.9,"Tameside 010C","E01005996"
4996.7,"Tameside 010D","E01005997"
5658.6,"Tameside 010E","E01006000"
4019.7,"Tameside 011A","E01005994"
6368.1,"Tameside 011B","E01005999"
5753.9,"Tameside 011C","E01006002"
7042.5,"Tameside 011D","E01006004"
4725.4,"Tameside 011E","E01006005"
3374.7,"Tameside 011F","E01006007"
5070.0,"Tameside 012A","E01005998"
9778.6,"Tameside 012B","E01006001"
8537.9,"Tameside 012C","E01006003"
3678.1,"Tameside 012D","E01006006"
2382.4,"Tameside 013A","E01005948"
2825.4,"Tameside 013B","E01005950"
1789.9,"Tameside 013C","E01005951"
9491.7,"Tameside 013E","E01005953"
8604.5,"Tameside 013F","E01033949"
4377.4,"Tameside 013G","E01033950"
1460.6,"Tameside 014A","E01005961"
4559.8,"Tameside 014B","E01005962"
3596.4,"Tameside 014C","E01005968"
4074.7,"Tameside 014D","E01005969"
3657.0,"Tameside 015A","E01006022"
2096.5,"Tameside 015B","E01006023"
4744.0,"Tameside 015C","E01006070"
843.2,"Tameside 015D","E01006071"
1486.4,"Tameside 015E","E01006072"
2974.5,"Tameside 016A","E01006009"
2067.7,"Tameside 016B","E01006017"
4219.3,"Tameside 016C","E01006018"
6666.7,"Tameside 016D","E01006021"
996.0,"Tameside 017A","E01006008"
6959.3,"Tameside 017B","E01006010"
6043.1,"Tameside 017C","E01006012"
6221.7,"Tameside 017D","E01006015"
3926.8,"Tameside 017E","E01006016"
5782.0,"Tameside 018A","E01006011"
4375.6,"Tameside 018B","E01006013"
5251.9,"Tameside 018C","E01006014"
5985.7,"Tameside 018D","E01006019"
2901.7,"Tameside 018E","E01006020"
3590.0,"Tameside 019A","E01005963"
5903.8,"Tameside 019B","E01005964"
2945.3,"Tameside 019C","E01005965"
5607.7,"Tameside 019D","E01005966"
5325.4,"Tameside 019E","E01005967"
2762.1,"Tameside 020A","E01006031"
5597.1,"Tameside 020B","E01006032"
7850.8,"Tameside 020C","E01006033"
5050.9,"Tameside 020D","E01006034"
3208.8,"Tameside 020E","E01006035"
3900.0,"Tameside 020F","E01006036"
3769.0,"Tameside 021A","E01005970"
6544.9,"Tameside 021B","E01005972"
3396.9,"Tameside 021C","E01005974"
5149.9,"Tameside 021D","E01005975"
761.0,"Tameside 022A","E01006024"
4743.7,"Tameside 022B","E01006026"
1742.7,"Tameside 022C","E01006037"
4296.9,"Tameside 022D","E01006038"
2219.2,"Tameside 023A","E01006047"
1383.1,"Tameside 023B","E01006048"
446.6,"Tameside 023C","E01006049"
548.6,"Tameside 023D","E01006051"
1771.7,"Tameside 024A","E01005985"
3991.6,"Tameside 024B","E01005987"
6515.9,"Tameside 024C","E01005988"
5293.0,"Tameside 024D","E01005990"
2232.5,"Tameside 024E","E01005991"
3447.0,"Tameside 025A","E01005971"
4545.5,"Tameside 025B","E01005986"
642.2,"Tameside 025C","E01005989"
2363.0,"Tameside 025D","E01005992"
2208.4,"Tameside 026A","E01005973"
6482.9,"Tameside 026B","E01005976"
6741.1,"Tameside 026C","E01005977"
4788.4,"Tameside 026D","E01005978"
1400.4,"Tameside 027A","E01006025"
3632.6,"Tameside 027B","E01006027"
4174.6,"Tameside 027C","E01006050"
1497.2,"Tameside 027D","E01006052"
4546.9,"Tameside 028A","E01006028"
8707.8,"Tameside 028B","E01006029"
3910.9,"Tameside 028C","E01006030"
3629.3,"Tameside 028D","E01006039"
2866.0,"Tameside 028E","E01006040"
8019.6,"Tameside 028F","E01006041"
3685.4,"Tameside 029A","E01005979"
5524.2,"Tameside 029B","E01005980"
5151.7,"Tameside 029C","E01005981"
2303.7,"Tameside 029D","E01005982"
2994.2,"Tameside 029E","E01005983"
3742.4,"Tameside 029F","E01005984"
4239.3,"Tameside 030A","E01006042"
5259.9,"Tameside 030B","E01006043"
1438.6,"Tameside 030C","E01006044"
327.9,"Tameside 030D","E01006045"
6131.6,"Tameside 030E","E01006046"
6020.9,"Trafford 001A","E01006109"
15377.0,"Trafford 001B","E01006110"
16048.8,"Trafford 001C","E01006111"
10534.7,"Trafford 001D","E01006112"
3296.9,"Trafford 001F","E01006188"
3940.7,"Trafford 001G","E01034000"
6590.6,"Trafford 001H","E01034001"
5207.8,"Trafford 002A","E01006116"
4917.7,"Trafford 002B","E01006117"
3904.9,"Trafford 002C","E01006118"
6318.4,"Trafford 002D","E01006119"
264.7,"Trafford 002E","E01006121"
6060.9,"Trafford 003A","E01006141"
2946.0,"Trafford 003B","E01006186"
3214.2,"Trafford 003C","E01006187"
7969.9,"Trafford 003D","E01006189"
9579.9,"Trafford 004A","E01006113"
7388.6,"Trafford 004B","E01006114"
7918.6,"Trafford 004C","E01006115"
3072.7,"Trafford 004D","E01006145"
5112.8,"Trafford 004E","E01006146"
2184.6,"Trafford 005A","E01006122"
1281.8,"Trafford 005B","E01006123"
2630.7,"Trafford 005C","E01006124"
6436.4,"Trafford 005D","E01006128"
2517.7,"Trafford 005E","E01006131"
7098.2,"Trafford 006A","E01006155"
572.2,"Trafford 006B","E01006157"
6073.9,"Trafford 006C","E01006159"
6507.3,"Trafford 006D","E01006182"
7614.8,"Trafford 006E","E01006183"
2692.0,"Trafford 007A","E01006125"
4067.3,"Trafford 007B","E01006126"
1831.9,"Trafford 007C","E01006127"
6186.3,"Trafford 007D","E01006130"
1176.8,"Trafford 007E","E01006132"
4724.8,"Trafford 008A","E01006156"
1917.3,"Trafford 008B","E01006158"
2663.3,"Trafford 008C","E01006179"
1155.8,"Trafford 008D","E01006184"
4888.1,"Trafford 009A","E01006198"
6412.2,"Trafford 009B","E01006199"
890.7,"Trafford 009C","E01006200"
5939.3,"Trafford 009D","E01006201"
5958.7,"Trafford 009E","E01006202"
5629.9,"Trafford 010A","E01006120"
2955.4,"Trafford 010B","E01006129"
2106.8,"Trafford 010C","E01006133"
5617.6,"Trafford 010D","E01006197"
5170.8,"Trafford 010E","E01006203"
2657.2,"Trafford 011A","E01006142"
2970.6,"Trafford 011B","E01006143"
2096.2,"Trafford 011C","E01006144"
5575.8,"Trafford 011D","E01006180"
7009.2,"Trafford 011E","E01006181"
6675.9,"Trafford 012A","E01006147"
6613.6,"Trafford 012B","E01006149"
5747.2,"Trafford 012C","E01006150"
4251.6,"Trafford 012D","E01006154"
2398.7,"Trafford 012E","E01006165"
5115.4,"Trafford 013A","E01006166"
5153.3,"Trafford 013B","E01006169"
1132.6,"Trafford 013C","E01006170"
6449.8,"Trafford 013D","E01006171"
5257.6,"Trafford 014A","E01006098"
4228.7,"Trafford 014B","E01006099"
1718.4,"Trafford 014C","E01006164"
6208.3,"Trafford 014D","E01006174"
4741.1,"Trafford 014E","E01006178"
4106.4,"Trafford 015A","E01006097"
5124.5,"Trafford 015B","E01006160"
4868.0,"Trafford 015C","E01006161"
5042.0,"Trafford 015D","E01006162"
7081.6,"Trafford 015E","E01006163"
4798.0,"Trafford 016A","E01006148"
3725.3,"Trafford 016B","E01006151"
2910.2,"Trafford 016C","E01006152"
5134.8,"Trafford 016D","E01006153"
4520.1,"Trafford 016E","E01006172"
3063.4,"Trafford 017A","E01006104"
2632.7,"Trafford 017B","E01006105"
2636.9,"Trafford 017C","E01006106"
159.7,"Trafford 017D","E01006107"
6356.7,"Trafford 017E","E01006108"
5600.3,"Trafford 018A","E01006102"
7016.7,"Trafford 018B","E01006173"
6791.6,"Trafford 018C","E01006175"
1252.2,"Trafford 018D","E01006176"
7001.3,"Trafford 018E","E01006177"
4285.7,"Trafford 019A","E01006091"
2336.7,"Trafford 019B","E01006092"
1473.7,"Trafford 019C","E01006095"
5946.6,"Trafford 019D","E01006167"
5196.4,"Trafford 019E","E01006168"
5663.6,"Trafford 020A","E01006090"
6247.1,"Trafford 020B","E01006094"
4461.1,"Trafford 020C","E01006096"
5428.7,"Trafford 020D","E01006100"
6529.1,"Trafford 020E","E01006103"
3376.2,"Trafford 021A","E01006101"
4484.3,"Trafford 021B","E01006190"
6466.1,"Trafford 021C","E01006195"
6371.8,"Trafford 021D","E01006196"
4449.7,"Trafford 021E","E01006210"
4281.2,"Trafford 022A","E01006204"
5978.9,"Trafford 022B","E01006206"
6452.6,"Trafford 022C","E01006207"
3527.4,"Trafford 022D","E01006208"
4085.6,"Trafford 022E","E01006211"
6149.8,"Trafford 023A","E01006093"
4692.3,"Trafford 023B","E01006191"
1760.1,"Trafford 023C","E01006192"
5285.5,"Trafford 023D","E01006205"
2173.0,"Trafford 023E","E01006209"
6905.3,"Trafford 024A","E01006078"
6379.3,"Trafford 024B","E01006080"
4308.0,"Trafford 024C","E01006089"
5107.4,"Trafford 024D","E01006193"
4892.3,"Trafford 024E","E01006194"
1447.7,"Trafford 025A","E01006074"
2865.9,"Trafford 025B","E01006075"
2641.1,"Trafford 025C","E01006076"
4081.1,"Trafford 025D","E01006079"
77.6,"Trafford 025E","E01006087"
2601.7,"Trafford 026A","E01006083"
3831.9,"Trafford 026B","E01006084"
7521.9,"Trafford 026C","E01006088"
6222.0,"Trafford 026D","E01006139"
2654.9,"Trafford 026E","E01006140"
6218.8,"Trafford 027A","E01006077"
1014.6,"Trafford 027B","E01006081"
1696.1,"Trafford 027C","E01006082"
3687.2,"Trafford 027D","E01006085"
1568.8,"Trafford 027E","E01006086"
1270.7,"Trafford 028A","E01006134"
1953.4,"Trafford 028B","E01006135"
1343.4,"Trafford 028C","E01006136"
1038.2,"Trafford 028D","E01006137"
804.9,"Trafford 028E","E01006138"
587.2,"Wigan 001A","E01006315"
1490.2,"Wigan 001B","E01006316"
2625.3,"Wigan 001C","E01006317"
4106.0,"Wigan 001D","E01006319"
529.9,"Wigan 002A","E01006229"
2086.7,"Wigan 002B","E01006230"
1598.5,"Wigan 002C","E01006233"
1473.8,"Wigan 002D","E01006237"
6009.6,"Wigan 002E","E01006238"
1433.2,"Wigan 003A","E01006259"
2675.3,"Wigan 003B","E01006312"
1645.6,"Wigan 003C","E01006313"
713.0,"Wigan 003D","E01006314"
2065.8,"Wigan 003E","E01006318"
797.7,"Wigan 003F","E01006320"
3708.6,"Wigan 003G","E01006321"
240.6,"Wigan 004A","E01006231"
291.5,"Wigan 004B","E01006232"
1829.4,"Wigan 004C","E01006234"
2468.9,"Wigan 004D","E01006235"
4459.7,"Wigan 005A","E01006253"
1548.9,"Wigan 005B","E01006254"
5662.2,"Wigan 005C","E01006255"
4695.1,"Wigan 005D","E01006256"
3149.3,"Wigan 005E","E01006260"
3838.8,"Wigan 006A","E01006370"
2023.9,"Wigan 006B","E01006372"
5365.9,"Wigan 006C","E01006373"
3884.8,"Wigan 006D","E01006374"
3925.5,"Wigan 006E","E01006390"
349.0,"Wigan 007A","E01006236"
4078.6,"Wigan 007B","E01006388"
4998.1,"Wigan 007C","E01006389"
2714.2,"Wigan 007D","E01006391"
8446.5,"Wigan 008A","E01006257"
5736.3,"Wigan 008B","E01006258"
2957.2,"Wigan 008C","E01006369"
5565.6,"Wigan 008D","E01006371"
5135.8,"Wigan 008E","E01006375"
6719.7,"Wigan 009A","E01006306"
3313.2,"Wigan 009B","E01006307"
6741.7,"Wigan 009C","E01006386"
6825.7,"Wigan 009D","E01006387"
5949.2,"Wigan 009E","E01006392"
2764.5,"Wigan 010A","E01006350"
6994.5,"Wigan 010B","E01006351"
2662.6,"Wigan 010C","E01006357"
3416.0,"Wigan 010D","E01006360"
1330.5,"Wigan 010E","E01006361"
5305.2,"Wigan 011A","E01006356"
601.2,"Wigan 011B","E01006396"
7312.1,"Wigan 011C","E01006397"
4548.3,"Wigan 011D","E01006398"
3024.5,"Wigan 011E","E01006399"
5445.9,"Wigan 012A","E01006305"
1573.9,"Wigan 012B","E01006308"
3073.7,"Wigan 012C","E01006309"
632.2,"Wigan 012D","E01006310"
1788.5,"Wigan 012E","E01006311"
2753.4,"Wigan 013A","E01006269"
1867.2,"Wigan 013B","E01006271"
966.4,"Wigan 013C","E01006272"
2043.0,"Wigan 013D","E01006273"
3314.4,"Wigan 013E","E01006276"
4914.1,"Wigan 014A","E01006353"
7247.1,"Wigan 014B","E01006354"
6686.3,"Wigan 014C","E01006355"
3546.1,"Wigan 014D","E01006358"
3886.5,"Wigan 014E","E01006359"
1525.7,"Wigan 015A","E01006349"
3613.4,"Wigan 015B","E01006352"
3311.6,"Wigan 015C","E01006404"
4110.3,"Wigan 015D","E01006405"
2803.2,"Wigan 015E","E01006411"
5226.2,"Wigan 016A","E01006270"
7643.5,"Wigan 016B","E01006274"
5733.0,"Wigan 016C","E01006275"
2889.5,"Wigan 016D","E01006277"
3977.1,"Wigan 016E","E01006286"
4865.6,"Wigan 017A","E01006239"
5638.0,"Wigan 017B","E01006240"
2353.9,"Wigan 017C","E01006241"
5440.3,"Wigan 017D","E01006287"
5796.2,"Wigan 017E","E01006289"
959.0,"Wigan 018A","E01006362"
3663.6,"Wigan 018B","E01006363"
1624.7,"Wigan 018C","E01006364"
4060.9,"Wigan 018D","E01006365"
1396.8,"Wigan 018E","E01006366"
3167.5,"Wigan 018F","E01006367"
373.4,"Wigan 018G","E01006368"
2985.6,"Wigan 019A","E01006278"
4631.4,"Wigan 019B","E01006279"
3626.6,"Wigan 019C","E01006280"
3362.3,"Wigan 019D","E01006281"
2721.2,"Wigan 019E","E01006285"
3175.0,"Wigan 020A","E01006406"
1274.1,"Wigan 020B","E01006407"
5112.5,"Wigan 020C","E01006408"
6065.4,"Wigan 020D","E01006409"
2023.2,"Wigan 020E","E01006410"
4996.4,"Wigan 021A","E01006393"
2597.8,"Wigan 021B","E01006394"
1700.3,"Wigan 021C","E01006395"
3503.7,"Wigan 021D","E01006400"
537.5,"Wigan 021E","E01006401"
4940.9,"Wigan 021F","E01006402"
3453.0,"Wigan 021G","E01006403"
2754.3,"Wigan 022A","E01006290"
5376.7,"Wigan 022B","E01006291"
2970.9,"Wigan 022C","E01006292"
1712.9,"Wigan 022D","E01006293"
2423.4,"Wigan 023A","E01006242"
1779.7,"Wigan 023B","E01006243"
1724.5,"Wigan 023C","E01006244"
1325.1,"Wigan 023D","E01006245"
824.7,"Wigan 024A","E01006213"
497.9,"Wigan 024B","E01006215"
3799.3,"Wigan 024C","E01006217"
5814.0,"Wigan 024D","E01006218"
4884.5,"Wigan 024E","E01006219"
1267.3,"Wigan 025A","E01006288"
6156.8,"Wigan 025B","E01006294"
4680.6,"Wigan 025C","E01006295"
2204.4,"Wigan 025D","E01006377"
1438.8,"Wigan 025E","E01006378"
1323.2,"Wigan 026A","E01006212"
759.5,"Wigan 026B","E01006214"
2721.5,"Wigan 026C","E01006216"
880.3,"Wigan 026D","E01006322"
834.3,"Wigan 026E","E01006329"
2612.0,"Wigan 027A","E01006282"
2071.4,"Wigan 027B","E01006283"
5237.5,"Wigan 027C","E01006284"
3170.6,"Wigan 027D","E01006336"
3585.0,"Wigan 027E","E01006337"
2717.5,"Wigan 028A","E01006376"
2717.0,"Wigan 028B","E01006381"
5076.7,"Wigan 028C","E01006382"
5935.1,"Wigan 028D","E01006383"
5134.1,"Wigan 028E","E01006384"
2895.4,"Wigan 029A","E01006250"
112.8,"Wigan 029B","E01006251"
816.1,"Wigan 029C","E01006379"
2508.3,"Wigan 029D","E01006380"
4370.8,"Wigan 029E","E01006385"
5607.8,"Wigan 030A","E01006328"
5314.5,"Wigan 030B","E01006333"
6607.3,"Wigan 030C","E01006334"
7984.7,"Wigan 030D","E01006338"
2066.7,"Wigan 031A","E01006248"
1348.9,"Wigan 031B","E01006249"
4188.5,"Wigan 031C","E01006330"
2542.7,"Wigan 031D","E01006331"
4878.9,"Wigan 031E","E01006332"
699.8,"Wigan 032A","E01006262"
2737.5,"Wigan 032B","E01006263"
3354.5,"Wigan 032C","E01006266"
5997.8,"Wigan 032D","E01006267"
2778.3,"Wigan 032E","E01006268"
2283.4,"Wigan 033A","E01006323"
5127.1,"Wigan 033B","E01006324"
3552.9,"Wigan 033C","E01006325"
8142.0,"Wigan 033D","E01006326"
856.3,"Wigan 033E","E01006327"
1937.6,"Wigan 034A","E01006246"
2668.1,"Wigan 034B","E01006247"
5525.3,"Wigan 034C","E01006252"
1326.1,"Wigan 034D","E01006297"
8393.6,"Wigan 034E","E01006335"
531.9,"Wigan 035A","E01006220"
3752.7,"Wigan 035B","E01006221"
2391.6,"Wigan 035C","E01006222"
3777.0,"Wigan 035D","E01006224"
2953.6,"Wigan 035E","E01006226"
4309.8,"Wigan 036A","E01006223"
2674.4,"Wigan 036B","E01006225"
5425.0,"Wigan 036C","E01006261"
3463.8,"Wigan 036D","E01006264"
3852.1,"Wigan 036E","E01006265"
3009.6,"Wigan 037A","E01006296"
6253.8,"Wigan 037B","E01006298"
1368.3,"Wigan 037C","E01006299"
3620.1,"Wigan 037D","E01006300"
1096.7,"Wigan 037E","E01006301"
4727.9,"Wigan 038A","E01006227"
1984.9,"Wigan 038B","E01006228"
3298.7,"Wigan 038C","E01006342"
5536.3,"Wigan 038D","E01006344"
2215.5,"Wigan 038E","E01006346"
2633.2,"Wigan 039A","E01006339"
590.6,"Wigan 039B","E01006340"
4596.5,"Wigan 039C","E01006343"
5069.9,"Wigan 039D","E01006345"
556.5,"Wigan 039E","E01006348"
1871.7,"Wigan 040A","E01006302"
657.7,"Wigan 040B","E01006303"
876.4,"Wigan 040C","E01006304"
3266.6,"Wigan 040D","E01006341"
4106.0,"Wigan 040E","E01006347"
